Date,Portfolio_Value
2020-01-02,1.0172210019152574
2020-01-03,1.021083226616213
2020-01-06,1.0028988968005206
2020-01-07,1.0116500715556733
2020-01-08,1.0160706540223015
2020-01-09,1.030656970690149
2020-01-10,1.0369577344323995
2020-01-13,1.0459107808084145
2020-01-14,1.047302198858628
2020-01-15,1.052954170449612
2020-01-16,1.0565385660329896
2020-01-17,1.0532583231810468
2020-01-20,1.0492774372310483
2020-01-21,1.052613304567733
2020-01-22,1.05252876684871
2020-01-23,1.0592158403955976
2020-01-24,1.057755572921749
2020-01-27,1.052479231354091
2020-01-28,1.0468787482212145
2020-01-29,1.046427972328452
2020-01-30,1.0372393137804137
2020-01-31,1.0371607379784265
2020-02-03,1.01578413616851
2020-02-04,1.0215947794106204
2020-02-05,1.0281597202300876
2020-02-06,1.0385838427118679
2020-02-07,1.046965849943093
2020-02-10,1.0505032631164886
2020-02-11,1.0485168441046233
2020-02-12,1.0340547577651487
2020-02-13,1.0276822893647353
2020-02-14,1.0179376370332034
2020-02-17,1.01316652937675
2020-02-18,1.0040942599093687
2020-02-19,1.0252213052317183
2020-02-20,1.030300919734731
2020-02-24,1.0151811255242646
2020-02-25,1.0085067816103104
2020-02-26,1.0015024107730872
2020-02-27,0.9864529924276658
2020-02-28,0.951188521025235
2020-03-02,0.944696285583756
2020-03-03,0.9486530602456833
2020-03-04,0.9413841507248112
2020-03-05,0.9465153471717832
2020-03-06,0.9295986441437614
2020-03-09,0.9031721060823588
2020-03-11,0.9016619540554432
2020-03-12,0.8616472704361432
2020-03-13,0.8646637645155817
2020-03-16,0.8422504758005731
2020-03-17,0.8320430709033786
2020-03-18,0.8045755876166214
2020-03-19,0.7923162842930762
2020-03-20,0.8028559740207429
2020-03-23,0.7589723930374114
2020-03-24,0.7584426270215319
2020-03-25,0.7674936297851224
2020-03-26,0.7788576433535916
2020-03-27,0.7773111066303742
2020-03-30,0.7685576246502515
2020-03-31,0.7761998533717456
2020-04-01,0.7825310558199863
2020-04-03,0.7947000666950692
2020-04-07,0.8185812472678047
2020-04-08,0.8341946595009551
2020-04-09,0.861645721358155
2020-04-13,0.87618394926092
2020-04-15,0.8748910598241132
2020-04-16,0.8871583071503026
2020-04-17,0.895328357154196
2020-04-20,0.900787583644451
2020-04-21,0.8754779747560358
2020-04-22,0.8855689173999917
2020-04-23,0.9029689044254665
2020-04-24,0.8886326232178504
2020-04-27,0.8922204864650584
2020-04-28,0.8946866115739756
2020-04-29,0.8951089384125654
2020-04-30,0.8908029571111445
2020-05-04,0.8762928375334523
2020-05-05,0.8688845483211817
2020-05-06,0.8642181840374827
2020-05-07,0.8676924412676008
2020-05-08,0.867288811896036
2020-05-11,0.8693864704305377
2020-05-12,0.8678875113864565
2020-05-13,0.8904620822203779
2020-05-14,0.8854363372172693
2020-05-15,0.884761359723412
2020-05-18,0.8686080622333784
2020-05-19,0.8724948978808833
2020-05-20,0.8759144545071662
2020-05-21,0.8760418654085789
2020-05-22,0.8731547886637576
2020-05-26,0.8731335418904476
2020-05-27,0.879947451889521
2020-05-28,0.8874086705335387
2020-05-29,0.8893033853114146
2020-06-01,0.9082550607083174
2020-06-02,0.9320623943118705
2020-06-03,0.9374869098479149
2020-06-04,0.9405862598824168
2020-06-05,0.9662719097428836
2020-06-08,0.9812077940375179
2020-06-09,0.981933305024873
2020-06-10,1.0055730617837308
2020-06-11,0.9952888422922896
2020-06-12,0.9987564170283252
2020-06-15,0.9946025573208489
2020-06-16,0.9894893095896092
2020-06-17,0.9933032171939766
2020-06-18,1.0123864215455334
2020-06-19,1.0178009510809922
2020-06-22,1.0433684767959672
2020-06-23,1.0661582478259506
2020-06-24,1.059292990378338
2020-06-25,1.0704177586876276
2020-06-26,1.0725778882114023
2020-06-29,1.0589024791824744
2020-06-30,1.0511827528089557
2020-07-01,1.0606385000881153
2020-07-02,1.0667824244376032
2020-07-03,1.065858386462956
2020-07-06,1.0715255020511236
2020-07-07,1.0721941617544815
2020-07-08,1.0719981037936968
2020-07-09,1.0782567371207117
2020-07-10,1.0758079900796027
2020-07-13,1.077212261644262
2020-07-14,1.0575736794824564
2020-07-15,1.047375582336219
2020-07-16,1.041807815633493
2020-07-17,1.0570826001692033
2020-07-20,1.0657952206899628
2020-07-21,1.0683260454177437
2020-07-22,1.0618675993417457
2020-07-23,1.062756161394696
2020-07-24,1.059290379336464
2020-07-27,1.0464698091608216
2020-07-28,1.0493136768259796
2020-07-29,1.0531377440150502
2020-07-30,1.0483529317153841
2020-07-31,1.043548493881391
2020-08-03,1.0499338038797021
2020-08-04,1.0584398666723533
2020-08-05,1.0619595087938536
2020-08-06,1.071948257572925
2020-08-07,1.0870018560596921
2020-08-10,1.1037705528857882
2020-08-11,1.1010440260941516
2020-08-12,1.1068424538467956
2020-08-13,1.1156217211333825
2020-08-14,1.1036577426716105
2020-08-17,1.1086490284808834
2020-08-18,1.120268681978091
2020-08-19,1.1410314142633908
2020-08-20,1.1650352827236776
2020-08-21,1.16980757744196
2020-08-24,1.1869562426791824
2020-08-25,1.201752650565678
2020-08-26,1.210849225569806
2020-08-27,1.2143371393147246
2020-08-28,1.214252457344803
2020-08-31,1.178535326479254
2020-09-01,1.1786332458296485
2020-09-02,1.196383442524436
2020-09-03,1.2105728734231112
2020-09-04,1.194037624053572
2020-09-07,1.1969166332825203
2020-09-08,1.189721832751911
2020-09-09,1.1803192746598652
2020-09-10,1.1861672626366841
2020-09-11,1.1879029413327222
2020-09-14,1.2091697127449192
2020-09-15,1.214956260541677
2020-09-16,1.2183441752792652
2020-09-17,1.2145063096060997
2020-09-18,1.2093378112459063
2020-09-21,1.179535837163497
2020-09-22,1.1748814862439814
2020-09-23,1.1696279685901554
2020-09-24,1.155072568361011
2020-09-25,1.1803628695806387
2020-09-28,1.200236166879934
2020-09-29,1.2050433798724272
2020-09-30,1.1988322884169302
2020-10-01,1.2028893058020407
2020-10-05,1.2149761535679815
2020-10-06,1.2153433820259258
2020-10-07,1.2114625779323134
2020-10-08,1.210122285736172
2020-10-09,1.2084826442958658
2020-10-12,1.2049652208871275
2020-10-13,1.1995246010149279
2020-10-14,1.20184521688164
2020-10-15,1.1912146214290682
2020-10-16,1.191882396710998
2020-10-19,1.1998319042654
2020-10-20,1.2047219117999073
2020-10-21,1.2079478420064156
2020-10-22,1.2110834834845112
2020-10-23,1.2202797801430691
2020-10-26,1.218636273591462
2020-10-27,1.2274656113746316
2020-10-28,1.2241295905755698
2020-10-29,1.2219472669269271
2020-10-30,1.221705243444622
2020-11-02,1.209905124629521
2020-11-03,1.2083993183161212
2020-11-04,1.2162897199563807
2020-11-05,1.22432294237961
2020-11-06,1.222042567794033
2020-11-09,1.2338124216463175
2020-11-10,1.2269818932459933
2020-11-11,1.2300756374317416
2020-11-12,1.2407576023044238
2020-11-13,1.2590648407873182
2020-11-14,1.2694020237944679
2020-11-17,1.2815278326776978
2020-11-18,1.2875066906438297
2020-11-19,1.2775031708856983
2020-11-20,1.2861391994978244
2020-11-23,1.2946270429451405
2020-11-24,1.300828295247369
2020-11-25,1.2899039916250956
2020-11-26,1.2972192118515833
2020-11-27,1.3128759795783114
2020-12-01,1.3348219919041262
2020-12-02,1.3584144168487413
2020-12-03,1.3655504449994376
2020-12-04,1.3623502466871604
2020-12-07,1.3845619016171067
2020-12-08,1.3773399767405965
2020-12-09,1.3794370993412204
2020-12-10,1.3712464683071308
2020-12-11,1.3782041413067667
2020-12-14,1.382159544194503
2020-12-15,1.3922055323455744
2020-12-16,1.4073655588718184
2020-12-17,1.4116469775461329
2020-12-18,1.4002620811312445
2020-12-21,1.3454835364930997
2020-12-22,1.3577913189895179
2020-12-23,1.3923639913198576
2020-12-24,1.3987076295049745
2020-12-28,1.4174245270004537
2020-12-29,1.4266673924308448
2020-12-30,1.4384300684836573
2020-12-31,1.441878979547232
2021-01-01,1.452906909224464
2021-01-04,1.4746646218508677
2021-01-05,1.4838805717145243
2021-01-06,1.491652108592345
2021-01-07,1.5031766585541146
2021-01-08,1.5096231031742622
2021-01-11,1.5056745009438937
2021-01-12,1.5156154707874656
2021-01-13,1.5112627408474966
2021-01-14,1.5126803873189276
2021-01-15,1.4989893708133364
2021-01-18,1.4765305361968888
2021-01-19,1.5044754000565823
2021-01-20,1.5202687706745717
2021-01-21,1.5045513361748966
2021-01-22,1.497163533867648
2021-01-25,1.4790988524667028
2021-01-27,1.483526282205218
2021-01-28,1.4913158884709945
2021-01-29,1.4722138148346995
2021-02-01,1.4914759391781334
2021-02-02,1.5005301743158173
2021-02-03,1.5269146192793848
2021-02-04,1.5354392839499942
2021-02-05,1.5281300401621485
2021-02-08,1.546378747600901
2021-02-09,1.5377039826207606
2021-02-10,1.5505403366404462
2021-02-11,1.566534275366826
2021-02-12,1.580222554924356
2021-02-15,1.5871934354305461
2021-02-16,1.5865072975085155
2021-02-17,1.5966781053212458
2021-02-18,1.6110587065751933
2021-02-19,1.6052394875621516
2021-02-22,1.5938804802640203
2021-02-23,1.603246682684726
2021-02-24,1.6122717802481206
2021-02-25,1.637111361026427
2021-02-26,1.630069096222745
2021-03-01,1.6358641801159084
2021-03-02,1.650581529121324
2021-03-03,1.6739934949927933
2021-03-04,1.6785140886436503
2021-03-05,1.6691244361311623
2021-03-08,1.6708164451643535
2021-03-09,1.6548286696317331
2021-03-10,1.6599854366453966
2021-03-12,1.6478135259204145
2021-03-15,1.624576852002738
2021-03-16,1.6331941597994335
2021-03-17,1.6008968955824137
2021-03-18,1.584999653168923
2021-03-19,1.588587196317987
2021-03-22,1.6095233057490017
2021-03-23,1.6232012769857478
2021-03-24,1.6074055469607542
2021-03-25,1.5714094551614997
2021-03-26,1.5790039991550524
2021-03-30,1.5761905369692983
2021-03-31,1.5697230052949616
2021-04-01,1.6051883342579236
2021-04-05,1.5994718524973712
2021-04-06,1.6171256903437268
2021-04-07,1.623759250419445
2021-04-08,1.6362130231042427
2021-04-09,1.6440504082976963
2021-04-12,1.5724009818763311
2021-04-13,1.590812837934008
2021-04-15,1.585770912055868
2021-04-16,1.6040623874530977
2021-04-19,1.5780781373905763
2021-04-20,1.5833482036289526
2021-04-22,1.5922332490444246
2021-04-23,1.621926965466086
2021-04-26,1.6313915417667388
2021-04-27,1.6452128131117774
2021-04-28,1.6537583761657935
2021-04-29,1.6561051892906853
2021-04-30,1.6629591581545453
2021-05-03,1.6920612669533284
2021-05-04,1.690148886021365
2021-05-05,1.70296499531977
2021-05-06,1.7336304443370603
2021-05-07,1.7612425517836847
2021-05-10,1.7878106510381444
2021-05-11,1.8096307759804358
2021-05-12,1.7894763016973998
2021-05-14,1.7804961219552207
2021-05-17,1.8224751507054937
2021-05-18,1.8364927428653472
2021-05-19,1.8472561276127393
2021-05-20,1.8699326843913768
2021-05-21,1.8928372525783623
2021-05-24,1.8923706680928523
2021-05-25,1.887259929735275
2021-05-26,1.8981707652661852
2021-05-27,1.9065671154600545
2021-05-28,1.893873698939
2021-05-31,1.916736616256383
2021-06-01,1.9230071534048514
2021-06-02,1.952088937503574
2021-06-03,1.9793252560273782
2021-06-04,1.996296949055415
2021-06-07,2.0053821238913017
2021-06-08,2.0152368328048844
2021-06-09,1.9977165193033164
2021-06-10,2.021783243363068
2021-06-11,2.0229837283922993
2021-06-14,2.005728510318361
2021-06-15,2.011860284925572
2021-06-16,1.986850371162963
2021-06-17,1.9729273794739806
2021-06-18,1.962503615276997
2021-06-21,1.9925685473460786
2021-06-22,2.002827555079562
2021-06-23,1.9974499819297555
2021-06-24,1.9823669460607962
2021-06-25,1.9857887086168817
2021-06-28,1.994617734440891
2021-06-29,1.9991774005902707
2021-06-30,1.9946097229589705
2021-07-01,1.9749443957287887
2021-07-02,1.984189502466304
2021-07-05,2.0107305936773114
2021-07-06,2.0200893395343162
2021-07-07,2.0294174139474075
2021-07-08,2.0292557020190665
2021-07-09,2.0545625482980228
2021-07-12,2.0799614494412944
2021-07-13,2.0798652099635193
2021-07-14,2.087725448174285
2021-07-15,2.083380625217012
2021-07-16,2.106510989641549
2021-07-19,2.1003020169072943
2021-07-20,2.0644844273505667
2021-07-22,2.102085080374903
2021-07-23,2.0838993071377567
2021-07-26,2.0725084267308254
2021-07-27,2.0609372445342093
2021-07-28,2.0601797659585386
2021-07-29,2.0712816792579933
2021-07-30,2.0614294106305966
2021-08-02,2.0888849947940513
2021-08-03,2.0835201184676233
2021-08-04,2.0605300826134654
2021-08-05,2.0510284322427594
2021-08-06,2.0707822163883485
2021-08-09,2.0513611410148727
2021-08-10,2.0131146481573716
2021-08-11,2.008833343182669
2021-08-12,2.0434557605255743
2021-08-13,2.0465900966673485
2021-08-16,2.0180170847392023
2021-08-17,2.011608943724086
2021-08-18,2.0089130520565863
2021-08-20,1.970917129695231
2021-08-23,1.9462025866923716
2021-08-24,1.9761041069535628
2021-08-25,1.9919337155662717
2021-08-26,2.009259335928577
2021-08-27,2.028570653531955
2021-08-30,2.056760534347309
2021-08-31,2.057494430022778
2021-09-01,2.0605692380150264
2021-09-02,2.0811679164447687
2021-09-03,2.086364760320369
2021-09-06,2.0977946456531518
2021-09-07,2.094179098621336
2021-09-08,2.109316964918118
2021-09-09,2.138599669967194
2021-09-13,2.1543862675567023
2021-09-14,2.174305982948649
2021-09-15,2.1838687402598844
2021-09-16,2.1895757415130013
2021-09-17,2.170693048268829
2021-09-20,2.1299672800644838
2021-09-21,2.141415580518418
2021-09-22,2.1454225656328667
2021-09-23,2.1559094013258453
2021-09-24,2.1576666431872864
2021-09-27,2.1558979818833524
2021-09-28,2.1627826513677433
2021-09-29,2.162332469991806
2021-09-30,2.1676740457461015
2021-10-01,2.181983477629778
2021-10-04,2.210543808680067
2021-10-05,2.2364531512249592
2021-10-06,2.2330958753016614
2021-10-07,2.2479117750873723
2021-10-08,2.238149440273628
2021-10-11,2.2398564252879796
2021-10-12,2.2404985703076066
2021-10-13,2.2615837274839863
2021-10-14,2.268987403938857
2021-10-18,2.2791598826393433
2021-10-19,2.2396378703656
2021-10-20,2.2137544613514106
2021-10-21,2.230913994536978
2021-10-22,2.2194737368768584
2021-10-25,2.1951925942933697
2021-10-26,2.2278972455674007
2021-10-27,2.2378690817115934
2021-10-28,2.2128719591095343
2021-10-29,2.2082171010824503
2021-11-01,2.2233782661632158
2021-11-02,2.2229605675084874
2021-11-03,2.2190378227284233
2021-11-04,2.2347541393697803
2021-11-08,2.2400598639510068
2021-11-09,2.2513047213075743
2021-11-10,2.256345744087582
2021-11-11,2.241064540362321
2021-11-12,2.2427899734192476
2021-11-15,2.211395303815564
2021-11-16,2.2136417140422138
2021-11-17,2.207611934681135
2021-11-18,2.1969633655622007
2021-11-22,2.1631913922022554
2021-11-23,2.203696208382955
2021-11-24,2.227756210108965
2021-11-25,2.24715064900977
2021-11-26,2.214944008718495
2021-11-29,2.1675036465175865
2021-11-30,2.1516830083351466
2021-12-01,2.163564683419479
2021-12-02,2.1856982080091374
2021-12-03,2.199886105684704
2021-12-06,2.1937696659235586
2021-12-07,2.214510781291284
2021-12-08,2.2395786925457877
2021-12-09,2.26886076860209
2021-12-10,2.2738537564602006
2021-12-13,2.2673748236154077
2021-12-14,2.2714966158430916
2021-12-15,2.264655505343759
2021-12-16,2.2447519935958455
2021-12-17,2.2088465136774995
2021-12-20,2.1523214864533387
2021-12-21,2.169668636435932
2021-12-22,2.1977380353907363
2021-12-23,2.220321016182082
2021-12-24,2.2058108965214394
2021-12-27,2.2177269636957835
2021-12-28,2.235229006377392
2021-12-29,2.2407470879753566
2021-12-30,2.2322482353914777
2021-12-31,2.250985723554392
2022-01-03,2.2682524974695606
2022-01-04,2.2579234421685874
2022-01-05,2.266651262218282
2022-01-06,2.2741389033242063
2022-01-07,2.282013131047644
2022-01-10,2.307217823616549
2022-01-11,2.3030342641044963
2022-01-12,2.320823985170207
2022-01-13,2.336854586197735
2022-01-14,2.365804840963098
2022-01-17,2.389317080750391
2022-01-18,2.3740265539019005
2022-01-19,2.386774357409153
2022-01-20,2.388189347816934
2022-01-21,2.3589778116802065
2022-01-24,2.271228461246114
2022-01-25,2.2946655355473045
2022-01-27,2.2963565888593758
2022-01-28,2.3034855408990156
2022-01-31,2.296553650822646
2022-02-01,2.3007410538526467
2022-02-02,2.3346728460068813
2022-02-03,2.3471771324419244
2022-02-04,2.343783609262794
2022-02-07,2.328303455355181
2022-02-08,2.301574992881427
2022-02-09,2.307463257735117
2022-02-10,2.3177282376098023
2022-02-11,2.287835276409975
2022-02-14,2.2147208211301
2022-02-15,2.2411663898162564
2022-02-16,2.238215337051476
2022-02-17,2.2336347115090787
2022-02-18,2.221736840412315
2022-02-21,2.1733295924703424
2022-02-22,2.1232818140939127
2022-02-23,2.161218495762302
2022-02-24,2.048868173890817
2022-02-25,2.1361700892121926
2022-02-28,2.151562002875697
2022-03-02,2.1633274150034087
2022-03-03,2.1760516864418307
2022-03-04,2.146580641243535
2022-03-07,2.0865362370295135
2022-03-08,2.1075329883216347
2022-03-09,2.154897447836225
2022-03-10,2.1765514747191625
2022-03-11,2.1947048211125315
2022-03-14,2.174811052405295
2022-03-15,2.1627041846977053
2022-03-16,2.191206986776647
2022-03-17,2.2248047195095944
2022-03-21,2.2283520929864213
2022-03-22,2.2337822855151646
2022-03-23,2.2293502699639927
2022-03-24,2.23969510423717
2022-03-25,2.2472720278078615
2022-03-28,2.2114313830178287
2022-03-29,2.2120238970327764
2022-03-30,2.221761103508583
2022-03-31,2.2387041788724167
2022-04-01,2.297917225559244
2022-04-04,2.3272230745011417
2022-04-05,2.364107694041677
2022-04-06,2.3971080280510697
2022-04-07,2.387392133247154
2022-04-08,2.4128931411508128
2022-04-11,2.425681386679021
2022-04-12,2.4064056896607164
2022-04-13,2.4203753905371794
2022-04-18,2.415728270281367
2022-04-19,2.3997902937256805
2022-04-20,2.394386720083072
2022-04-21,2.429130514810221
2022-04-22,2.4340461599844385
2022-04-25,2.4127212722201916
2022-04-26,2.4286390198377434
2022-04-27,2.399329146951639
2022-04-28,2.407670707248969
2022-04-29,2.3953609937433913
2022-05-02,2.389707516379925
2022-05-04,2.321705263244672
2022-05-05,2.3309936727796807
2022-05-06,2.2997697383230062
2022-05-09,2.268212469837551
2022-05-10,2.2129248210584285
2022-05-11,2.175616837923519
2022-05-12,2.129049591106311
2022-05-13,2.1395539508104204
2022-05-16,2.170326387908092
2022-05-17,2.2355209787768855
2022-05-18,2.2399311138968536
2022-05-19,2.199572845974335
2022-05-20,2.2432579718524024
2022-05-23,2.249966367023708
2022-05-24,2.2222619942459656
2022-05-25,2.1588648733077074
2022-05-26,2.174168851804106
2022-05-27,2.1880740677008155
2022-05-30,2.2085410870852584
2022-05-31,2.1983668869852346
2022-06-01,2.2064648455982954
2022-06-02,2.223917520859235
2022-06-03,2.1950999134215268
2022-06-06,2.196586765451612
2022-06-07,2.1976550310466116
2022-06-08,2.2016557627714097
2022-06-09,2.206126886795831
2022-06-10,2.202963795763153
2022-06-13,2.133111632559742
2022-06-14,2.126947448361166
2022-06-15,2.128279418735105
2022-06-16,2.082767238782952
2022-06-17,2.06977386131626
2022-06-20,2.018204166066595
2022-06-21,2.068205031337879
2022-06-22,2.039720766762405
2022-06-23,2.0505781779228442
2022-06-24,2.0851590469843124
2022-06-27,2.1120008514109143
2022-06-28,2.125469912137302
2022-06-29,2.131701053571839
2022-06-30,2.1258415911465764
2022-07-01,2.1306968824419625
2022-07-04,2.141393538577598
2022-07-05,2.1377972999641774
2022-07-06,2.155506181144439
2022-07-07,2.1727680631392143
2022-07-08,2.1851538917368325
2022-07-11,2.238653003202135
2022-07-12,2.2405092217493725
2022-07-13,2.245549904270114
2022-07-14,2.236146773983125
2022-07-15,2.235655932290647
2022-07-18,2.2550673279224887
2022-07-19,2.267681544112799
2022-07-20,2.263278487221374
2022-07-21,2.2769097384228236
2022-07-22,2.2895055374020887
2022-07-25,2.2818521602811366
2022-07-26,2.2666112646621213
2022-07-27,2.2766392522736534
2022-07-28,2.2831667076851248
2022-07-29,2.3015870019178215
2022-08-01,2.339054931778655
2022-08-02,2.3603522808768904
2022-08-03,2.3355357500283542
2022-08-04,2.3339211946471052
2022-08-05,2.3386690832635058
2022-08-08,2.355914084497271
2022-08-10,2.3430150447344067
2022-08-11,2.347039195378073
2022-08-12,2.352366207849565
2022-08-16,2.367648341901198
2022-08-17,2.3965694466704632
2022-08-18,2.427681026185514
2022-08-19,2.4334225769421693
2022-08-22,2.408196184362705
2022-08-23,2.4273335772529885
2022-08-24,2.462843986747583
2022-08-25,2.470669033228153
2022-08-26,2.4751148120009385
2022-08-29,2.458615476450012
2022-08-30,2.4765655059796967
2022-09-01,2.4974495149109655
2022-09-02,2.506177427368871
2022-09-05,2.5341658394879305
2022-09-06,2.5343879701836256
2022-09-07,2.544029427991554
2022-09-08,2.56510333338978
2022-09-09,2.556720758556947
2022-09-12,2.579358009425591
2022-09-13,2.591659907869666
2022-09-14,2.583567305293214
2022-09-15,2.6131599087657666
2022-09-16,2.574419600398733
2022-09-19,2.56785784563515
2022-09-20,2.573330213683169
2022-09-21,2.5531450672090386
2022-09-22,2.5751651042796224
2022-09-23,2.5476563066080997
2022-09-26,2.472528196446325
2022-09-27,2.4731599116658582
2022-09-28,2.4531983233466814
2022-09-29,2.4498875377365708
2022-09-30,2.4792449554908993
2022-10-03,2.4589226062805944
2022-10-04,2.499409271302919
2022-10-06,2.520634912887565
2022-10-07,2.530128224116835
2022-10-10,2.527145141961606
2022-10-11,2.5029790969989727
2022-10-12,2.495929110043312
2022-10-13,2.4891877624830014
2022-10-14,2.4951498480678747
2022-10-17,2.4977762303490074
2022-10-18,2.5278963527516827
2022-10-19,2.535622315868442
2022-10-20,2.5429904021478635
2022-10-21,2.5299509458660685
2022-10-24,2.552059096839897
2022-10-25,2.532431077072314
2022-10-27,2.5451780303843052
2022-10-28,2.528953758725584
2022-10-31,2.536853884181804
2022-11-01,2.5427242445239386
2022-11-02,2.5471817123236673
2022-11-03,2.5429864244214757
2022-11-04,2.5531299700470504
2022-11-07,2.5718534089912533
2022-11-09,2.559852473762724
2022-11-10,2.5306432578976827
2022-11-11,2.5433575918139097
2022-11-14,2.5426101783830037
2022-11-15,2.5455381070020806
2022-11-16,2.5348912870956988
2022-11-17,2.5308758303211762
2022-11-18,2.527058043482663
2022-11-21,2.503380992145262
2022-11-22,2.4962583231900757
2022-11-23,2.509069686611727
2022-11-24,2.512642594390342
2022-11-25,2.5227064219024666
2022-11-28,2.5242109925357172
2022-11-29,2.513786817205006
2022-11-30,2.5282658796790733
2022-12-01,2.5253522149377625
2022-12-02,2.5248786791682685
2022-12-05,2.561416186383775
2022-12-06,2.5743729507588027
2022-12-07,2.563531573118016
2022-12-08,2.5546354991659728
2022-12-09,2.531471306502093
2022-12-12,2.5361302441109093
2022-12-13,2.5383237053143652
2022-12-14,2.5505629595516304
2022-12-15,2.533538823316061
2022-12-16,2.504234030002528
2022-12-19,2.5188486461853317
2022-12-20,2.5284976586622223
2022-12-21,2.492857680385668
2022-12-22,2.451421517663584
2022-12-23,2.3681136340800806
2022-12-26,2.447279278068618
2022-12-27,2.463232566214989
2022-12-28,2.473310654869788
2022-12-29,2.479776532140314
2022-12-30,2.482977587388372
2023-01-02,2.495399032147615
2023-01-03,2.5015609720562235
2023-01-04,2.4820293335882444
2023-01-05,2.4785473453778915
2023-01-06,2.462216820971255
2023-01-09,2.4763837583309662
2023-01-10,2.4651142546861675
2023-01-11,2.4680669625426526
2023-01-12,2.461057102635781
2023-01-13,2.479394838328649
2023-01-16,2.476915821964401
2023-01-17,2.4763901319421517
2023-01-18,2.474161592234989
2023-01-19,2.462709977134189
2023-01-20,2.4599930349246204
2023-01-23,2.4555753449473565
2023-01-24,2.4447235562411196
2023-01-25,2.409530358868118
2023-01-27,2.322614436903741
2023-01-30,2.2938510393641747
2023-01-31,2.327875343872337
2023-02-01,2.2646783754494937
2023-02-02,2.222861977848982
2023-02-03,2.1997353934777957
2023-02-06,2.1997669068824366
2023-02-07,2.204470882081064
2023-02-08,2.229916620462275
2023-02-09,2.213340749308588
2023-02-10,2.2061343643053273
2023-02-13,2.1782815988350754
2023-02-14,2.153053300955799
2023-02-15,2.1624927110626517
2023-02-16,2.160464795361739
2023-02-17,2.144587906435142
2023-02-20,2.12597807516529
2023-02-21,2.110873926649118
2023-02-22,2.0735549222474887
2023-02-23,2.0554052977942425
2023-02-24,2.0442740010980542
2023-02-27,2.004519206432369
2023-02-28,2.021970155015418
2023-03-01,2.06289255238107
2023-03-02,2.067440889801615
2023-03-03,2.1147511584220346
2023-03-06,2.1471974382349033
2023-03-08,2.1753685113171106
2023-03-09,2.1945768179511096
2023-03-10,2.2000344771092477
2023-03-13,2.172566922918975
2023-03-14,2.155665569876147
2023-03-15,2.154527654944181
2023-03-16,2.143080143943342
2023-03-17,2.159576439168618
2023-03-20,2.14515680652052
2023-03-21,2.1631556551938154
2023-03-22,2.1818265897917537
2023-03-23,2.185896823342059
2023-03-24,2.1671441564348752
2023-03-27,2.1284940234068217
2023-03-28,2.1006769271472274
2023-03-29,2.1376408211299895
2023-03-31,2.1547938212368307
2023-04-03,2.1920907062460087
2023-04-05,2.213558175950377
2023-04-06,2.243516773190723
2023-04-10,2.2529832634481437
2023-04-11,2.2641983998356867
2023-04-12,2.278914149942985
2023-04-13,2.2841036717194
2023-04-17,2.2822270507230433
2023-04-18,2.2830192179423685
2023-04-19,2.2867944274159133
2023-04-20,2.2913898681630855
2023-04-21,2.2836760711112385
2023-04-24,2.287439369420989
2023-04-25,2.291838990636866
2023-04-26,2.2921850327556905
2023-04-27,2.3030110358148477
2023-04-28,2.319217400384654
2023-05-02,2.3295242020104054
2023-05-03,2.3332653575771634
2023-05-04,2.355854446549999
2023-05-05,2.336576983228371
2023-05-08,2.3384133789717327
2023-05-09,2.3247296510755686
2023-05-10,2.335633223506881
2023-05-11,2.3490349014925545
2023-05-12,2.339581514153239
2023-05-15,2.332717713106379
2023-05-16,2.330634760629456
2023-05-17,2.340679318763535
2023-05-18,2.3293635854206087
2023-05-19,2.352765921315871
2023-05-22,2.385030090734951
2023-05-23,2.4106291939136253
2023-05-24,2.4222226127260957
2023-05-25,2.420650382354307
2023-05-26,2.4199346868823604
2023-05-29,2.422803383917686
2023-05-30,2.423951591384162
2023-05-31,2.459277264569826
2023-06-01,2.4695737163598075
2023-06-02,2.4811975501534933
2023-06-05,2.4976857598807727
2023-06-06,2.5179265457863327
2023-06-07,2.5364900169184614
2023-06-08,2.5220646877465174
2023-06-09,2.5272735583588
2023-06-12,2.5414534847995327
2023-06-13,2.568525612946695
2023-06-14,2.5756681061795272
2023-06-15,2.5711087964110155
2023-06-16,2.579818316679371
2023-06-19,2.5761556772296936
2023-06-20,2.587140541859121
2023-06-21,2.5866767036620746
2023-06-22,2.5647785463575423
2023-06-23,2.5379470904112114
2023-06-26,2.5659356594732876
2023-06-27,2.5847456220535827
2023-06-28,2.590389674031502
2023-06-30,2.585369634038865
2023-07-03,2.6004336535283756
2023-07-04,2.5936156498505127
2023-07-05,2.5964564527243126
2023-07-06,2.602564264743851
2023-07-07,2.594685972886409
2023-07-10,2.5708926963599894
2023-07-11,2.5899033835220084
2023-07-12,2.599337936984044
2023-07-13,2.589716501666477
2023-07-14,2.611150304428013
2023-07-17,2.624617193024096
2023-07-18,2.6286395472028845
2023-07-19,2.6382693659809786
2023-07-20,2.635999906401255
2023-07-21,2.6364416439226668
2023-07-24,2.6296842946855103
2023-07-25,2.64497209763684
2023-07-26,2.6492222525116786
2023-07-27,2.6393046170817724
2023-07-28,2.6322909406867967
2023-07-31,2.6515826111857086
2023-08-01,2.6546095724398198
2023-08-02,2.615711255008499
2023-08-03,2.631609846234777
2023-08-04,2.646619686423666
2023-08-07,2.6727728837952327
2023-08-08,2.6907936385339344
2023-08-09,2.6935208539908744
2023-08-10,2.6848398343049067
2023-08-11,2.6668463715949726
2023-08-14,2.6464793363240835
2023-08-16,2.6650666312696396
2023-08-17,2.6784522665956003
2023-08-18,2.6810020779503168
2023-08-21,2.717124189698628
2023-08-22,2.730536245393608
2023-08-23,2.7198708598969823
2023-08-24,2.7263181013752984
2023-08-25,2.7270286211856565
2023-08-28,2.7597807703267785
2023-08-29,2.7878711051778162
2023-08-30,2.801930842840478
2023-08-31,2.7992039638547372
2023-09-01,2.838607720172518
2023-09-04,2.8600664202123527
2023-09-05,2.8686397444825276
2023-09-06,2.8795107799616453
2023-09-07,2.885339143510872
2023-09-08,2.889107998409544
2023-09-11,2.899534454210688
2023-09-12,2.805755774924909
2023-09-13,2.84015813501004
2023-09-14,2.8663934167779574
2023-09-15,2.8915317895639987
2023-09-18,2.8794849441453874
2023-09-20,2.869940409571801
2023-09-21,2.8436100250938594
2023-09-22,2.8409238959980025
2023-09-25,2.8359701682077563
2023-09-26,2.8502445880295015
2023-09-27,2.860963753808563
2023-09-28,2.8531131517438935
2023-09-29,2.8611063573258386
2023-10-03,2.887540450104181
2023-10-04,2.8604640105781756
2023-10-05,2.8611474886635757
2023-10-06,2.8681363988295017
2023-10-09,2.810801058126356
2023-10-10,2.8341700064615
2023-10-11,2.8573038034007925
2023-10-12,2.8818603161076597
2023-10-13,2.8755814356315694
2023-10-16,2.873717441886948
2023-10-17,2.893723705221905
2023-10-18,2.8892411863619025
2023-10-19,2.900167395262102
2023-10-20,2.8875926220435284
2023-10-23,2.7675857260824994
2023-10-25,2.7418028381447628
2023-10-26,2.737936720384727
2023-10-27,2.794649456741802
2023-10-30,2.8136719559342662
2023-10-31,2.827903861182467
2023-11-01,2.8166782733515356
2023-11-02,2.8500646293764924
2023-11-03,2.8868313305783992
2023-11-06,2.9064786720311204
2023-11-07,2.9193648696855248
2023-11-08,2.9196182900219045
2023-11-09,2.8809987025352193
2023-11-10,2.902206573947931
2023-11-13,2.946426595549109
2023-11-15,2.9608163057908627
2023-11-16,2.9732851377261165
2023-11-17,2.9789002501515625
2023-11-20,2.9804974498521846
2023-11-21,2.993651689705469
2023-11-22,2.9845034105274397
2023-11-23,3.0152650283026534
2023-11-24,3.043874243558903
2023-11-28,3.097791695773272
2023-11-29,3.0957119979701995
2023-11-30,3.098845207407851
2023-12-01,3.101704003176458
2023-12-04,3.1433476591993337
2023-12-05,3.201829569087833
2023-12-06,3.228909320533029
2023-12-07,3.256825896851618
2023-12-08,3.233422567661669
2023-12-11,3.24004090517565
2023-12-12,3.236868999101439
2023-12-13,3.225371603006405
2023-12-14,3.2468396299475044
2023-12-15,3.2740530017704312
2023-12-18,3.2969351683717187
2023-12-19,3.309526112671915
2023-12-20,3.1782602269727835
2023-12-21,3.2408591526688597
2023-12-22,3.2721124093843845
2023-12-26,3.298361129455102
2023-12-27,3.2991288460823744
2023-12-28,3.2931927338367406
2023-12-29,3.327024751344844
2024-01-01,3.3633487751265787
2024-01-02,3.361319163744181
2024-01-03,3.4015337878618235
2024-01-04,3.454256694746406
2024-01-05,3.468878742461744
2024-01-08,3.4768939952289277
2024-01-09,3.474268977129878
2024-01-10,3.49815561465898
2024-01-11,3.5198209672357335
2024-01-12,3.5182896483331993
2024-01-15,3.5335251816848845
2024-01-16,3.485321684925622
2024-01-17,3.4402546833638734
2024-01-18,3.4471371907794945
2024-01-19,3.469171654216536
2024-01-23,3.4136758178079485
2024-01-24,3.4371302738076444
2024-01-25,3.449346392933866
2024-01-29,3.465503863997396
2024-01-30,3.4564084301761158
2024-01-31,3.4889376927818074
2024-02-01,3.4734426161897
2024-02-02,3.465293556642755
2024-02-05,3.460467621967604
2024-02-06,3.487665573781167
2024-02-07,3.5187995187260324
2024-02-08,3.4924774747858445
2024-02-09,3.470402049846802
2024-02-12,3.3848018404685436
2024-02-13,3.3838337591033776
2024-02-14,3.4254046567905507
2024-02-15,3.460064088067503
2024-02-16,3.5026315480769292
2024-02-19,3.5471648475168887
2024-02-20,3.536038180436289
2024-02-21,3.5086539768088434
2024-02-22,3.5184219268410084
2024-02-23,3.5497853442033906
2024-02-26,3.5616137092572155
2024-02-27,3.5392735552095322
2024-02-28,3.470436460171649
2024-02-29,3.4729789096179413
2024-03-01,3.490881417265422
2024-03-04,3.4869373578762834
2024-03-05,3.462328462759228
2024-03-06,3.382823395470896
2024-03-07,3.3775481432535885
2024-03-11,3.293074381983372
2024-03-12,3.209802766787832
2024-03-13,3.0623137393175988
2024-03-14,3.187112237750978
2024-03-15,3.1951143994912097
2024-03-18,3.1959945982858367
2024-03-19,3.1826316840893587
2024-03-20,3.1951511018957177
2024-03-21,3.238914354915195
2024-03-22,3.265752112187582
2024-03-26,3.2372533691910816
2024-03-27,3.23651515322402
2024-03-28,3.2556383762760497
2024-04-01,3.3637698153206066
2024-04-02,3.3906870229216395
2024-04-03,3.432538224570324
2024-04-04,3.4406444941843586
2024-04-05,3.4458831652852853
2024-04-08,3.4193600956003496
2024-04-09,3.4169743604026217
2024-04-10,3.425817114212795
2024-04-12,3.4205824615320517
2024-04-15,3.3650387010979217
2024-04-16,3.3864330902981963
2024-04-18,3.3746625742413565
2024-04-19,3.377283753621546
2024-04-22,3.425694973470346
2024-04-23,3.4750737159130924
2024-04-24,3.475487547079052
2024-04-25,3.481456051845595
2024-04-26,3.484602317989515
2024-04-29,3.4971824714579327
2024-04-30,3.5047740682794073
2024-05-02,3.528105863861637
2024-05-03,3.537194316023392
2024-05-06,3.5085839927152773
2024-05-07,3.4759622773869716
2024-05-08,3.4825034678979665
2024-05-09,3.4029035248560455
2024-05-10,3.4291243464615246
2024-05-13,3.413651782860215
2024-05-14,3.46512331287272
2024-05-15,3.4752624871973516
2024-05-16,3.4843023074663155
2024-05-17,3.483298819922855
2024-05-21,3.503915100377016
2024-05-22,3.5153395518589927
2024-05-23,3.509003776072195
2024-05-24,3.5201937492520345
2024-05-27,3.504147599164911
2024-05-28,3.482346089368794
2024-05-29,3.498564437022676
2024-05-30,3.4618340067914284
2024-05-31,3.4854192625767575
2024-06-03,3.5384546665742405
2024-06-04,3.276514654470775
2024-06-05,3.3969799554895035
2024-06-06,3.468039148889514
2024-06-07,3.547376958883347
2024-06-10,3.5981420996461453
2024-06-11,3.6290155929910926
2024-06-12,3.6504975199982104
2024-06-13,3.6621621980262504
2024-06-14,3.6880069213939985
2024-06-18,3.7179645277974136
2024-06-19,3.7005763570562737
2024-06-20,3.7209160808988755
2024-06-21,3.7318288660566394
2024-06-24,3.7600385950749384
2024-06-25,3.761454875681615
2024-06-26,3.7648218635553414
2024-06-27,3.747279653727402
2024-06-28,3.736979116725704
2024-07-01,3.767920072055187
2024-07-02,3.756605061978955
2024-07-03,3.8005124429583157
2024-07-04,3.8115882319797256
2024-07-05,3.8236300565430787
2024-07-08,3.803282478409695
2024-07-09,3.807060942712399
2024-07-10,3.7831148141337936
2024-07-11,3.7938115897273303
2024-07-12,3.7659184806055963
2024-07-15,3.7811967618702447
2024-07-16,3.812150018743357
2024-07-18,3.7743332170811135
2024-07-19,3.705794610429817
2024-07-22,3.73636848416013
2024-07-23,3.745623143033797
2024-07-24,3.815844168593294
2024-07-25,3.833281446290109
2024-07-26,3.873701981904585
2024-07-29,3.9090891448695673
2024-07-30,3.9641875930027575
2024-07-31,3.9893408390924687
2024-08-01,3.9977352890226827
2024-08-02,4.013528759190519
2024-08-05,3.9077052129758894
2024-08-06,3.8988033961412003
2024-08-07,3.961112889137411
2024-08-08,3.9676806277110317
2024-08-09,3.9747081654451684
2024-08-12,3.9814760537523273
2024-08-13,3.92573098992271
2024-08-14,3.918027864806774
2024-08-16,3.9429943167061077
2024-08-19,4.027608364111056
2024-08-20,4.071682426240468
2024-08-21,4.108180253677149
2024-08-22,4.136011559273801
2024-08-23,4.183609247523742
2024-08-26,4.223361161810652
2024-08-27,4.2595761494254
2024-08-28,4.258004749452591
2024-08-29,4.225441627000171
2024-08-30,4.235545334842431
2024-09-02,4.208540010468574
2024-09-03,4.21899246536941
2024-09-04,4.231993183047206
2024-09-05,4.254372608616079
2024-09-06,4.16978626166699
2024-09-09,4.16083505132771
2024-09-10,4.22017735629395
2024-09-11,4.173946337625436
2024-09-12,4.186844328678401
2024-09-13,4.194504730751957
2024-09-16,4.198935572706397
2024-09-17,4.21801111449128
2024-09-18,4.215390015976435
2024-09-19,4.137732005373125
2024-09-20,4.202106520363369
2024-09-23,4.221838967772881
2024-09-24,4.230775497114333
2024-09-25,4.220187010855961
2024-09-26,4.194162197004487
2024-09-27,4.181162014665215
2024-09-30,4.144946285295931
2024-10-01,4.168000322988596
2024-10-03,4.139066402616468
2024-10-04,4.108586545372428
2024-10-07,3.974315656654836
2024-10-08,4.078061344003798
2024-10-09,4.1046667432172255
2024-10-10,4.114542560060889
2024-10-11,4.124827884674006
2024-10-14,4.1414577615283585
2024-10-15,4.171623486744889
2024-10-16,4.185003134662406
2024-10-17,4.131994363332906
2024-10-18,4.123098389654757
2024-10-21,4.042168257097995
2024-10-22,3.911366785716545
2024-10-23,3.9479461643960794
2024-10-24,3.9284715441392697
2024-10-25,3.8088125192804307
2024-10-28,3.873580442873645
2024-10-29,3.868966326513364
2024-10-30,3.929364697518889
2024-10-31,3.9715497221039433
2024-11-01,4.014257047241313
2024-11-04,3.9386026735159922
2024-11-05,3.994963342433737
2024-11-06,4.09196436276178
2024-11-07,4.0605335941202405
2024-11-08,4.042882637916614
2024-11-11,4.003486698651748
2024-11-12,3.945989752254786
2024-11-13,3.834788112680294
2024-11-14,3.8480620586785608
2024-11-18,3.8258059967125537
2024-11-19,3.845136698238941
2024-11-21,3.6987972698582112
2024-11-22,3.6941076654081586
2024-11-25,3.742994132395572
2024-11-26,3.74803155094052
2024-11-27,3.863465486457683
2024-11-28,3.9587802731082258
2024-11-29,4.024478064166156
2024-12-02,4.0371450591730405
2024-12-03,4.056543862691722
2024-12-04,4.0626309378847845
2024-12-05,4.0875983974019325
2024-12-06,4.122471720849574
2024-12-09,4.135287571278738
2024-12-10,4.145935144136801
2024-12-11,4.177049141975013
2024-12-12,4.1907084094346265
2024-12-13,4.1827051843762195
2024-12-16,4.167676045870726
2024-12-17,4.142945853328682
2024-12-18,4.0971572002881285
2024-12-19,4.107710894613383
2024-12-20,4.006685637089606
2024-12-23,4.009809480096213
2024-12-24,4.004550989923992
2024-12-26,4.009880664364119
2024-12-27,4.021712237209649
2024-12-30,4.013353842323238
2024-12-31,4.015832781902764
2025-01-01,4.057995420094965
2025-01-02,4.104044901185596
2025-01-03,4.105050143748566
2025-01-06,3.962679443619075
2025-01-07,4.026745823684462
2025-01-08,3.989405168395812
2025-01-09,3.957694581764278
2025-01-10,3.8695637574528363
2025-01-13,3.708518406729007
2025-01-14,3.803080134593985
2025-01-15,3.7977194841344866
2025-01-16,3.8633929014353385
2025-01-17,3.891048581053392
2025-01-20,3.94956671765476
2025-01-21,3.8811057750754014
2025-01-22,3.834568116541713
2025-01-23,3.8524936262716953
2025-01-24,3.7786420892394936
2025-01-27,3.611837454243797
2025-01-28,3.56449987351672
2025-01-29,3.6308529237311373
2025-01-30,3.6421258653902093
2025-01-31,3.697329240406513
2025-02-01,3.7416948640222563
2025-02-03,3.6671467679166945
2025-02-04,3.7247370667649187
2025-02-05,3.8068718320224675
2025-02-06,3.803223169420194
2025-02-07,3.7691494495183195
2025-02-10,3.660060706329424
2025-02-11,3.5377888055112465
2025-02-12,3.539494101125803
2025-02-13,3.5293261579909903
2025-02-14,3.3874746975919448
2025-02-17,3.3509359967456605
2025-02-18,3.3001616917878898
2025-02-19,3.3849940266725667
2025-02-20,3.44274372403764
2025-02-21,3.4196024479551785
2025-02-24,3.3988259071612466
2025-02-25,3.3779522981855155
2025-02-27,3.3130222521854065
2025-02-28,3.2280395528280925
2025-03-03,3.165093781831515
2025-03-04,3.1639566100011662
2025-03-05,3.2677610742659966
2025-03-06,3.3293607854751097
2025-03-07,3.3550703958544617
2025-03-10,3.2608921621067295
2025-03-11,3.230314218019981
2025-03-12,3.203806532634823
2025-03-13,3.1787485179174935
2025-03-17,3.150623587113983
2025-03-18,3.1587703581889075
2025-03-19,3.3523718074153934
2025-03-20,3.38067894431368
2025-03-21,3.4227739776436015
2025-03-24,3.4632259751449577
2025-03-25,3.3842911357136494
2025-03-26,3.3283962065603703
2025-03-27,3.3318323948053443
2025-03-28,3.3249786860237194
2025-04-01,3.398811430420393
2025-04-02,3.4496025506491415
2025-04-03,3.5394965519277886
2025-04-04,3.4282573064170587
2025-04-07,3.2956915348684843
2025-04-08,3.358219764172615
2025-04-09,3.3138938288643027
2025-04-11,3.4113841199470625
2025-04-15,3.527092944663617
2025-04-16,3.5537115860350603
2025-04-17,3.594865128180299
2025-04-21,3.6414095357991143
2025-04-22,3.665844576571312
2025-04-23,3.658947181192278
2025-04-24,3.6508247309290103
2025-04-25,3.5336698630594254
2025-04-28,3.528539214402617
2025-04-29,3.5299020860952446
2025-04-30,3.458024943949875
2025-05-02,3.442812814019537
2025-05-05,3.500502338793473
2025-05-06,3.405206400938012
2025-05-07,3.4258364701368373
2025-05-08,3.3864394440460432
2025-05-09,3.3675400248805247
2025-05-12,3.5457344176554875
2025-05-13,3.581473245640708
2025-05-14,3.6673754139676245
2025-05-15,3.733538802076881
2025-05-16,3.773866358911731
2025-05-19,3.800428510248514
2025-05-20,3.7468023556380805
2025-05-21,3.7643337507454664
2025-05-22,3.796067958962814
2025-05-23,3.8519971633855397
2025-05-26,3.866305544730952
2025-05-27,3.871575570804045
2025-05-28,3.857452930614208
2025-05-29,3.8924684228534767
2025-05-30,3.8668197863238194
2025-06-02,3.891340886367579
2025-06-03,3.8792028855405274
2025-06-04,3.910811871156812
2025-06-05,3.942101281536091
2025-06-06,3.9492882306526416
2025-06-09,3.9741166424219636
2025-06-10,4.001488138728609
2025-06-11,4.007538068697097
2025-06-12,3.943149104336558
2025-06-13,3.9242874098451885
2025-06-16,3.9173625815196775
2025-06-17,3.8900639129744587
2025-06-18,3.8869912683320003
2025-06-19,3.831062540829726
2025-06-20,3.8705420818055125
2025-06-23,3.9024510332536013
2025-06-24,3.9641835046738914
2025-06-25,4.0192346361943345
2025-06-26,4.016476803919998
2025-06-27,4.0302616610649435
2025-06-30,4.08238236134359
2025-07-01,4.046523139645483
2025-07-02,4.0545330797051
2025-07-03,4.056910415634873
2025-07-04,4.039823829054895
2025-07-07,4.044578203004857
2025-07-08,4.042716671408643
2025-07-09,4.054136309706762
2025-07-10,4.075234069291106
2025-07-11,4.045538932132638
2025-07-14,4.111278071658642
2025-07-15,4.116783276620485
2025-07-16,4.138846865741576
2025-07-17,4.135974062179012
2025-07-18,4.110257268661608
2025-07-21,4.123035988648526
2025-07-22,4.096282214409624
2025-07-23,4.0851604953410785
2025-07-24,4.046138507801829
2025-07-25,3.9757450311230027
2025-07-28,3.950205264818626
2025-07-29,4.001456947031114
2025-07-30,4.027854144280402
2025-07-31,4.015420331814797
2025-08-01,3.9560010023201784
2025-08-04,4.000511698746877
2025-08-05,3.962908265751457
2025-08-06,3.9120452216082184
2025-08-07,3.947886741249346
2025-08-08,3.9026998760093545
2025-08-11,3.9281913286225554
2025-08-12,3.9232462435102846
2025-08-13,3.9406850621485456
2025-08-14,3.8806677745248375
2025-08-18,3.948919191704298
2025-08-19,4.005256813142094
2025-08-20,4.040182748466197
2025-08-21,4.018924586836323
2025-08-22,4.033829270755606
2025-08-25,4.034504954911673
2025-08-26,3.961126601345981
2025-08-28,3.914026002039968
2025-08-29,3.924586374154637
2025-09-01,3.9841520114972733
2025-09-02,4.012381084418406
2025-09-03,4.076417063650886
2025-09-04,4.039824633071502
2025-09-05,4.064955358823473
2025-09-08,4.0979576000867075
2025-09-09,4.1329113651976
2025-09-10,4.160143834135337
2025-09-11,4.1888768830691
2025-09-12,4.214695729713042
2025-09-15,4.231939376380597
2025-09-16,4.243854338383803
2025-09-17,4.269760583555776
2025-09-18,4.2883495512464584
2025-09-19,4.308597731820336
2025-09-22,4.350004204614524
2025-09-23,4.343950342768091
2025-09-24,4.320032019690302
2025-09-25,4.284248778811674
2025-09-26,4.158066571900006
2025-09-29,4.145116081530647
2025-09-30,4.164245480469845
2025-10-01,4.234324984269763
2025-10-03,4.268446060835066
2025-10-06,4.2671182487188135
2025-10-07,4.272367788611694
2025-10-08,4.2429939400676915
2025-10-09,4.227875240682168
2025-10-10,4.25333630312745
2025-10-13,4.240725616940782
2025-10-14,4.182898294141898
2025-10-15,4.237606770593185
2025-10-16,4.2693500522950725
2025-10-17,4.24056812465369
2025-10-20,4.25703015603475
2025-10-21,4.308746439342186
2025-10-23,4.283330457926574
2025-10-24,4.273427486839292
2025-10-27,4.275482597074885
2025-10-28,4.286427383024951
2025-10-29,4.343704053419981
2025-10-30,4.335584733875467
2025-10-31,4.31341104238523
2025-11-03,4.363008907827616
2025-11-04,4.325008307531449
2025-11-06,4.2693252320928545
2025-11-07,4.312297852954882
2025-11-10,4.291176293971917
2025-11-11,4.31368126322921
2025-11-12,4.366873681233207
2025-11-13,4.411460915269801
2025-11-14,4.406485825130265
2025-11-17,4.456054956576231
2025-11-18,4.417707911705967
2025-11-19,4.422261542353459
2025-11-20,4.413788025247131
2025-11-21,4.3303784279616995
2025-11-24,4.272204942237172
2025-11-25,4.289374592702764
2025-11-26,4.319288718497162
2025-11-27,4.321648658047169
2025-11-28,4.320458055868403
2025-12-01,4.310227067713514
2025-12-02,4.270787809228392
2025-12-03,4.232571255198892
2025-12-04,4.222838107270489
2025-12-05,4.194126763205674
2025-12-08,4.065100293137739
2025-12-09,4.123067158121168
2025-12-10,4.085398554870465
2025-12-11,4.131338373366611
2025-12-12,4.165908293919148
2025-12-15,4.173227414085746
2025-12-16,4.139130356847304
2025-12-17,4.095333292936111
2025-12-18,4.077622536170681
2025-12-19,4.166838633134151
2025-12-22,4.236153337142653
2025-12-23,4.236512944231558
2025-12-24,4.215815634396993
2025-12-26,4.181587439196332
2025-12-29,4.159016094574896
2025-12-30,4.158037826646403
2025-12-31,4.196407293529828
2026-01-01,4.209966594296767
2026-01-02,4.248889209841819
2026-01-05,4.2081062724053195
2026-01-06,4.198309690752989
2026-01-07,4.192687390288113
2026-01-08,4.100398364614528
2026-01-09,4.010964275823327
2026-01-12,3.979296394759967
2026-01-13,3.969233126012172
2026-01-14,3.9766218646809084
2026-01-15,3.9766218646809084
2026-01-16,3.9775388668934126
2026-01-19,3.9469260782528766
2026-01-20,3.8252189028288797
2026-01-21,3.7763910620528227
2026-01-22,3.8668027855068763
2026-01-23,3.732795689456817
2026-01-27,3.7517243460269016
2026-01-28,3.8349162727849233
2026-01-29,3.8431180032194607
2026-01-30,3.9082256170593923
2026-02-02,3.8679700609494643
2026-02-03,4.047918398596928
2026-02-04,4.130419262964932
2026-02-05,4.099704879858969
2026-02-06,4.073482388833091
2026-02-09,4.178166174441014
2026-02-10,4.217146634724287
2026-02-11,4.193511854201996
2026-02-12,4.164494959551452
2026-02-13,4.112186727468291
2026-02-16,4.119828760924974
2026-02-17,4.171675893838399
2026-02-18,4.204389259408094
2026-02-19,4.138231270792895
2026-02-20,4.141227766610254
2026-02-23,4.17204661194221
2026-02-24,4.131789096248273
2026-02-25,4.15298195278836
2026-02-26,4.178498260679444
2026-02-27,4.159123236687149
2026-03-02,4.07563329631853
2026-03-04,3.981593119123143
2026-03-05,4.03878858822877
2026-03-06,4.033295565100683
2026-03-09,3.9516189553199426
2026-03-10,4.033976278616077
2026-03-11,4.036973775162906
2026-03-12,4.06042905979323
2026-03-13,3.9847345470265965
2026-03-16,3.9655748149622547
2026-03-17,4.040372352851647
2026-03-18,4.178544982851483
2026-03-19,4.0974428021737594
2026-03-20,4.134003708130619
2026-03-23,3.9383255250410487
2026-03-24,4.057338330777902
2026-03-25,4.16175282144517
2026-03-27,4.091817111412361
2026-03-30,3.9786240297248963
2026-04-01,4.184322380988516
2026-04-02,4.268326132597107
2026-04-06,4.3960648782681675
2026-04-07,4.393885264656632
2026-04-08,4.555710213460999
2026-04-09,4.616115223394647
2026-04-10,4.737921940428977
2026-04-13,4.7732636501303
2026-04-15,4.877613542971474
2026-04-16,4.954246598320382
2026-04-17,5.068423059513651
2026-04-20,5.042393570871295
2026-04-21,5.097274884941607
2026-04-22,5.203637999282472
2026-04-23,5.195264938069282
2026-04-24,5.153019651472154
2026-04-27,5.284300394498914
2026-04-28,5.298767753803089
2026-04-29,5.354296154475706
2026-04-30,5.3960900607489295
2026-05-01,5.3960900607489295
2026-05-04,5.557365574281935
2026-05-05,5.622398510481521
2026-05-06,5.68272276091531
2026-05-07,5.837608681460584
2026-05-08,5.878498516272279
2026-05-11,5.8930291067523966
2026-05-12,5.722799454577835
2026-05-13,5.807198321567168
2026-05-14,5.852457751488937
2026-05-15,5.8129799728143565
2026-05-18,5.737685406973561
2026-05-19,5.8081071533384945
2026-05-20,5.864903240853081
2026-05-21,5.880533903883133
2026-05-22,5.947926507196355
2026-05-25,6.102105747626712
2026-05-26,6.2374784988694865
2026-05-27,6.332683292070343
2026-05-28,6.332683292070343
2026-05-29,6.38371335835134
2026-06-01,6.376505230362312
2026-06-02,6.563901864954412
2026-06-03,6.658964835726533
2026-06-04,6.837048514371327
2026-06-05,6.8779142940231495
2026-06-08,6.732595594118535
2026-06-09,6.859086628157931
